pth,label,relFCs
anger/image0000006.jpg,surprise,0.8731421290934949
anger/image0000060.jpg,anger,0.852310783018639
anger/image0000061.jpg,anger,0.80095684657714
anger/image0000066.jpg,disgust,0.8430792768021197
anger/image0000106.jpg,anger,0.8491084661862777
anger/image0000132.jpg,anger,0.8194483454798387
anger/image0000138.jpg,anger,0.8520518574751808
anger/image0000182.jpg,anger,0.8414882854744647
anger/image0000195.jpg,anger,0.8231325554226703